source,target
Delhi,4
Delhi,29
Delhi,31
Delhi,40
Delhi,64
Delhi,72
Delhi,83
Delhi,128
Delhi,129
Delhi,130
Delhi,171
Delhi,197
Delhi,198
Delhi,199
Delhi,204
Delhi,205
Delhi,206
Delhi,254
Delhi,255
Delhi,256
Delhi,279
Delhi,280
Delhi,281
Delhi,282
Delhi,283
Delhi,284
Delhi,332
Delhi,431
Delhi,432
Delhi,433
Delhi,624
Delhi,625
Delhi,626
Delhi,627
Delhi,628
Delhi,674
Telangana,682
Telangana,723
Delhi,728
Delhi,729
Delhi,730
UttarPradesh,860
Delhi,877
Delhi,995
Delhi,996
Delhi,997
Delhi,998
Delhi,999
Delhi,1000
Delhi,1001
Delhi,1002
Delhi,1003
TamilNadu,1080
TamilNadu,1081
TamilNadu,1082
TamilNadu,1083
Delhi,1105
Delhi,1106
Delhi,1107
Delhi,1108
Delhi,1109
Delhi,1110
Delhi,1111
Delhi,1112
Delhi,1113
Delhi,1114
Delhi,1115
Delhi,1116
Delhi,1117
Delhi,1118
Delhi,1119
Delhi,1120
Delhi,1121
Delhi,1122
Delhi,1122
Delhi,1123
Delhi,1123
Delhi,1124
Delhi,1124
Delhi,1125
Delhi,1125
Delhi,1126
Delhi,1126
Delhi,1127
Delhi,1127
AndhraPradesh,1172
AndhraPradesh,1173
TamilNadu,1190
Delhi,1282
Delhi,1282
Delhi,1283
Delhi,1283
Delhi,1284
Delhi,1284
Delhi,1285
Delhi,1285
Delhi,1286
Delhi,1286
Delhi,1287
Delhi,1287
Delhi,1288
Delhi,1288
Delhi,1289
Delhi,1289
Delhi,1290
Delhi,1290
Delhi,1291
Delhi,1291
Delhi,1292
Delhi,1292
Delhi,1293
Delhi,1293
Delhi,1294
Delhi,1294
Delhi,1295
Delhi,1295
Delhi,1296
Delhi,1296
Delhi,1297
Delhi,1297
Delhi,1298
Delhi,1298
Delhi,1299
Delhi,1299
Delhi,1300
Delhi,1301
Delhi,1302
Delhi,1303
Delhi,1304
Delhi,1305
Delhi,1306
TamilNadu,1391
TamilNadu,1392
TamilNadu,1393
TamilNadu,1394
TamilNadu,1395
AndhraPradesh,1404
AndhraPradesh,1407
AndhraPradesh,1411
AndhraPradesh,1412
AndhraPradesh,1413
AndhraPradesh,1414
AndhraPradesh,1415
AndhraPradesh,1416
Maharashtra,1500
Maharashtra,1501
TamilNadu,1516
TamilNadu,1517
TamilNadu,1518
TamilNadu,1519
TamilNadu,1520
TamilNadu,1521
TamilNadu,1522
TamilNadu,1523
TamilNadu,1524
TamilNadu,1525
TamilNadu,1526
TamilNadu,1527
TamilNadu,1528
TamilNadu,1529
TamilNadu,1530
TamilNadu,1531
TamilNadu,1532
TamilNadu,1533
TamilNadu,1534
TamilNadu,1535
TamilNadu,1536
TamilNadu,1537
TamilNadu,1538
TamilNadu,1539
TamilNadu,1540
TamilNadu,1541
TamilNadu,1542
TamilNadu,1543
TamilNadu,1544
TamilNadu,1545
TamilNadu,1546
TamilNadu,1547
TamilNadu,1548
TamilNadu,1549
TamilNadu,1550
TamilNadu,1551
TamilNadu,1552
TamilNadu,1553
TamilNadu,1554
TamilNadu,1555
TamilNadu,1556
TamilNadu,1557
TamilNadu,1558
TamilNadu,1559
TamilNadu,1560
Telangana,1566
Telangana,1567
Telangana,1568
Telangana,1569
Telangana,1570
Telangana,1571
Telangana,1572
Telangana,1573
Telangana,1574
Telangana,1575
Telangana,1576
Telangana,1577
Telangana,1578
Telangana,1579
Telangana,1580
Delhi,1586
Delhi,1587
Delhi,1588
Delhi,1589
Delhi,1590
Delhi,1591
Delhi,1592
Delhi,1593
Delhi,1594
Delhi,1595
Delhi,1596
Delhi,1597
Delhi,1598
Delhi,1599
Delhi,1600
Delhi,1601
Delhi,1602
Delhi,1603
Delhi,1604
Delhi,1605
Delhi,1606
Delhi,1607
Delhi,1608
AndhraPradesh,1610
AndhraPradesh,1611
AndhraPradesh,1612
AndhraPradesh,1613
Delhi,1658
Puducherry,1659
Puducherry,1660
AndhraPradesh,1669
AndhraPradesh,1670
AndhraPradesh,1671
AndhraPradesh,1672
AndhraPradesh,1673
AndhraPradesh,1674
AndhraPradesh,1675
AndhraPradesh,1676
AndhraPradesh,1677
AndhraPradesh,1678
AndhraPradesh,1679
AndhraPradesh,1680
AndhraPradesh,1681
AndhraPradesh,1682
AndhraPradesh,1683
AndhraPradesh,1684
AndhraPradesh,1685
AndhraPradesh,1686
AndhraPradesh,1687
AndhraPradesh,1688
AndhraPradesh,1689
AndhraPradesh,1690
AndhraPradesh,1691
AndhraPradesh,1692
AndhraPradesh,1693
AndhraPradesh,1694
AndhraPradesh,1695
AndhraPradesh,1696
AndhraPradesh,1697
AndhraPradesh,1698
AndhraPradesh,1699
AndhraPradesh,1700
AndhraPradesh,1701
AndhraPradesh,1702
AndhraPradesh,1703
AndhraPradesh,1704
AndhraPradesh,1705
AndhraPradesh,1706
AndhraPradesh,1707
AndhraPradesh,1708
AndhraPradesh,1709
AndhraPradesh,1710
AndhraPradesh,1711
Assam,1722
Assam,1723
Assam,1724
Assam,1725
Delhi,1739
Delhi,1740
TamilNadu,1761
TamilNadu,1762
TamilNadu,1763
TamilNadu,1764
TamilNadu,1765
TamilNadu,1766
TamilNadu,1767
TamilNadu,1768
TamilNadu,1769
TamilNadu,1770
TamilNadu,1771
TamilNadu,1772
TamilNadu,1773
TamilNadu,1774
TamilNadu,1775
TamilNadu,1776
TamilNadu,1777
TamilNadu,1778
TamilNadu,1779
TamilNadu,1780
TamilNadu,1781
TamilNadu,1782
TamilNadu,1783
TamilNadu,1784
TamilNadu,1785
TamilNadu,1786
TamilNadu,1787
TamilNadu,1788
TamilNadu,1789
TamilNadu,1790
TamilNadu,1791
TamilNadu,1792
TamilNadu,1793
TamilNadu,1794
TamilNadu,1795
TamilNadu,1796
TamilNadu,1797
TamilNadu,1798
TamilNadu,1799
TamilNadu,1800
TamilNadu,1801
TamilNadu,1802
TamilNadu,1803
TamilNadu,1804
TamilNadu,1805
TamilNadu,1806
TamilNadu,1807
TamilNadu,1808
TamilNadu,1809
TamilNadu,1810
TamilNadu,1811
TamilNadu,1812
TamilNadu,1813
TamilNadu,1814
TamilNadu,1815
TamilNadu,1816
TamilNadu,1817
TamilNadu,1818
TamilNadu,1819
TamilNadu,1820
TamilNadu,1821
TamilNadu,1822
TamilNadu,1823
TamilNadu,1824
TamilNadu,1825
TamilNadu,1826
TamilNadu,1827
TamilNadu,1828
TamilNadu,1829
TamilNadu,1830
TamilNadu,1831
TamilNadu,1832
TamilNadu,1833
TamilNadu,1834
TamilNadu,1835
TamilNadu,1836
TamilNadu,1837
TamilNadu,1838
TamilNadu,1839
TamilNadu,1840
TamilNadu,1841
TamilNadu,1842
TamilNadu,1843
TamilNadu,1844
TamilNadu,1845
TamilNadu,1846
TamilNadu,1847
TamilNadu,1848
TamilNadu,1849
TamilNadu,1850
TamilNadu,1851
TamilNadu,1852
TamilNadu,1853
TamilNadu,1854
TamilNadu,1855
TamilNadu,1856
TamilNadu,1857
TamilNadu,1858
TamilNadu,1859
TamilNadu,1860
TamilNadu,1861
TamilNadu,1862
TamilNadu,1863
TamilNadu,1864
TamilNadu,1865
TamilNadu,1866
TamilNadu,1867
TamilNadu,1868
TamilNadu,1869
TamilNadu,1870
Delhi,1913
Delhi,1914
Delhi,1915
Delhi,1916
Delhi,1917
Delhi,1918
Delhi,1919
Delhi,1920
Delhi,1921
Delhi,1922
Delhi,1923
Delhi,1924
Delhi,1925
Delhi,1926
Delhi,1927
Delhi,1928
Delhi,1929
Delhi,1930
Delhi,1931
Delhi,1932
Delhi,1933
Delhi,1934
Delhi,1935
Delhi,1936
Delhi,1937
Delhi,1938
Delhi,1939
Delhi,1940
Delhi,1941
Assam,1967
Assam,1968
Assam,1969
Assam,1970
Assam,1971
Assam,1972
Assam,1973
Assam,1974
Rajasthan,1999
Rajasthan,2000
Rajasthan,2001
Rajasthan,2002
Rajasthan,2003
Rajasthan,2004
Rajasthan,2005
Rajasthan,2006
Rajasthan,2007
Rajasthan,2008
Rajasthan,2009
Rajasthan,2010
Manipur,2015
Rajasthan,2065
ArunachalPradesh,2094
Karnataka,2103
Karnataka,2104
Karnataka,2105
Karnataka,2106
Karnataka,2107
Karnataka,2109
Karnataka,2110
Karnataka,2111
Karnataka,2112
Delhi,2114
Delhi,2115
Delhi,2116
Delhi,2117
Delhi,2118
Delhi,2119
Delhi,2120
Delhi,2121
Delhi,2122
Delhi,2123
Delhi,2124
Delhi,2125
Delhi,2126
Delhi,2127
Delhi,2128
Delhi,2129
Delhi,2130
Delhi,2131
Delhi,2132
Delhi,2133
Delhi,2134
Delhi,2135
Delhi,2136
Delhi,2137
Delhi,2138
Delhi,2139
Delhi,2140
Delhi,2141
Delhi,2142
Delhi,2143
Delhi,2144
Delhi,2145
Delhi,2146
Delhi,2147
Delhi,2148
Delhi,2149
Delhi,2150
Delhi,2151
Delhi,2152
Delhi,2153
Delhi,2154
Delhi,2155
Delhi,2156
Delhi,2157
Delhi,2158
Delhi,2159
Delhi,2160
Delhi,2161
Delhi,2162
Delhi,2163
Delhi,2164
Delhi,2165
Delhi,2166
Delhi,2167
Delhi,2168
Delhi,2169
Delhi,2170
Delhi,2171
Delhi,2172
Delhi,2173
Delhi,2174
Delhi,2175
Delhi,2176
Delhi,2177
Delhi,2178
Delhi,2179
Delhi,2180
Kerala,2212
Kerala,2215
TamilNadu,2222
TamilNadu,2223
TamilNadu,2224
TamilNadu,2225
TamilNadu,2226
TamilNadu,2227
TamilNadu,2228
TamilNadu,2229
TamilNadu,2230
TamilNadu,2231
TamilNadu,2232
TamilNadu,2233
TamilNadu,2234
TamilNadu,2235
TamilNadu,2236
TamilNadu,2237
TamilNadu,2238
TamilNadu,2239
TamilNadu,2240
TamilNadu,2241
TamilNadu,2242
TamilNadu,2243
TamilNadu,2244
TamilNadu,2245
TamilNadu,2246
TamilNadu,2247
TamilNadu,2248
TamilNadu,2249
TamilNadu,2250
TamilNadu,2251
TamilNadu,2252
TamilNadu,2253
TamilNadu,2254
TamilNadu,2255
TamilNadu,2256
TamilNadu,2257
TamilNadu,2258
TamilNadu,2259
TamilNadu,2260
TamilNadu,2261
TamilNadu,2262
TamilNadu,2263
TamilNadu,2264
TamilNadu,2265
TamilNadu,2266
TamilNadu,2267
TamilNadu,2268
TamilNadu,2269
TamilNadu,2270
TamilNadu,2271
TamilNadu,2272
TamilNadu,2273
TamilNadu,2274
TamilNadu,2275
TamilNadu,2276
TamilNadu,2277
TamilNadu,2278
TamilNadu,2279
TamilNadu,2280
TamilNadu,2281
TamilNadu,2282
TamilNadu,2283
TamilNadu,2284
TamilNadu,2285
TamilNadu,2286
TamilNadu,2287
TamilNadu,2288
TamilNadu,2289
TamilNadu,2290
TamilNadu,2291
TamilNadu,2292
TamilNadu,2293
TamilNadu,2294
Delhi,2401
Delhi,2402
Delhi,2403
Delhi,2404
Delhi,2405
Delhi,2406
Delhi,2407
Delhi,2408
Delhi,2409
Delhi,2410
Delhi,2411
Delhi,2412
Delhi,2413
Delhi,2414
Delhi,2415
Delhi,2416
Delhi,2417
Delhi,2418
Delhi,2419
Delhi,2420
Delhi,2421
Delhi,2422
Delhi,2423
Delhi,2424
Delhi,2425
Delhi,2426
Delhi,2427
Delhi,2428
Delhi,2429
Delhi,2430
Delhi,2431
Delhi,2432
Delhi,2433
Delhi,2434
Delhi,2435
Delhi,2436
Delhi,2437
Delhi,2438
Delhi,2439
Delhi,2440
Delhi,2441
Delhi,2442
Delhi,2443
Delhi,2444
Delhi,2445
Delhi,2446
Delhi,2447
Delhi,2448
Delhi,2449
Delhi,2450
Delhi,2451
Delhi,2452
Delhi,2453
Delhi,2454
Delhi,2455
Delhi,2456
Delhi,2457
Delhi,2458
Delhi,2459
Delhi,2460
Delhi,2461
Delhi,2462
Delhi,2463
Delhi,2464
Delhi,2465
Delhi,2466
Delhi,2467
Delhi,2468
Delhi,2469
Delhi,2470
Delhi,2471
Delhi,2472
Delhi,2473
Delhi,2474
Maharashtra,2527
Maharashtra,2531
Maharashtra,2532
Maharashtra,2533
Uttarakhand,2534
Uttarakhand,2535
Uttarakhand,2536
UttarPradesh,2544
UttarPradesh,2545
Rajasthan,2551
Rajasthan,2552
UttarPradesh,2606
UttarPradesh,2607
UttarPradesh,2608
UttarPradesh,2609
UttarPradesh,2610
UttarPradesh,2611
UttarPradesh,2612
UttarPradesh,2613
UttarPradesh,2614
UttarPradesh,2615
UttarPradesh,2616
UttarPradesh,2617
UttarPradesh,2618
UttarPradesh,2619
UttarPradesh,2620
UttarPradesh,2621
UttarPradesh,2622
UttarPradesh,2623
UttarPradesh,2624
UttarPradesh,2625
UttarPradesh,2626
UttarPradesh,2627
UttarPradesh,2628
UttarPradesh,2629
UttarPradesh,2630
UttarPradesh,2631
Odisha,2640
Delhi,2653
Delhi,2654
Delhi,2655
Delhi,2656
Delhi,2657
Delhi,2658
Delhi,2659
Delhi,2660
Delhi,2661
Delhi,2662
Delhi,2663
Delhi,2664
Delhi,2665
Delhi,2666
Delhi,2667
Delhi,2668
Delhi,2669
Delhi,2670
Delhi,2671
Delhi,2672
Delhi,2673
Delhi,2674
Delhi,2675
Delhi,2676
Delhi,2677
Delhi,2678
Delhi,2679
Delhi,2680
Delhi,2681
Delhi,2682
Delhi,2683
Delhi,2684
Delhi,2685
Delhi,2686
Delhi,2687
Delhi,2688
Delhi,2689
Delhi,2690
Delhi,2691
Delhi,2692
Delhi,2693
Delhi,2694
Delhi,2695
Delhi,2696
Delhi,2697
Delhi,2698
Delhi,2699
Delhi,2700
Delhi,2701
Delhi,2702
Delhi,2703
Delhi,2704
Delhi,2705
Delhi,2706
Delhi,2707
Delhi,2708
Delhi,2709
Delhi,2710
Delhi,2711
Delhi,2712
Delhi,2713
Delhi,2714
Delhi,2715
Delhi,2716
Delhi,2717
Delhi,2718
Delhi,2719
Delhi,2720
Delhi,2721
Delhi,2722
Delhi,2723
Delhi,2724
Delhi,2725
Delhi,2726
Delhi,2727
Delhi,2728
Delhi,2729
Delhi,2730
Delhi,2731
Delhi,2732
Delhi,2733
Delhi,2734
Delhi,2735
Delhi,2736
Delhi,2737
Delhi,2738
Delhi,2739
Delhi,2740
Delhi,2741
Delhi,2742
Delhi,2743
TamilNadu,2744
TamilNadu,2747
TamilNadu,2748
TamilNadu,2749
TamilNadu,2750
TamilNadu,2751
TamilNadu,2752
TamilNadu,2753
TamilNadu,2754
TamilNadu,2755
TamilNadu,2756
TamilNadu,2757
TamilNadu,2758
TamilNadu,2759
TamilNadu,2760
TamilNadu,2761
TamilNadu,2762
TamilNadu,2763
TamilNadu,2764
TamilNadu,2765
TamilNadu,2766
TamilNadu,2767
TamilNadu,2768
TamilNadu,2769
TamilNadu,2770
TamilNadu,2771
TamilNadu,2772
TamilNadu,2773
TamilNadu,2774
TamilNadu,2775
TamilNadu,2776
TamilNadu,2777
TamilNadu,2778
TamilNadu,2779
TamilNadu,2780
TamilNadu,2781
TamilNadu,2782
TamilNadu,2783
TamilNadu,2784
TamilNadu,2785
TamilNadu,2786
TamilNadu,2787
TamilNadu,2788
TamilNadu,2789
TamilNadu,2790
TamilNadu,2791
TamilNadu,2792
TamilNadu,2793
TamilNadu,2794
TamilNadu,2795
TamilNadu,2796
TamilNadu,2797
TamilNadu,2798
TamilNadu,2799
TamilNadu,2800
TamilNadu,2801
TamilNadu,2802
TamilNadu,2803
TamilNadu,2804
TamilNadu,2805
TamilNadu,2806
TamilNadu,2807
TamilNadu,2808
TamilNadu,2809
TamilNadu,2810
TamilNadu,2811
TamilNadu,2812
TamilNadu,2813
TamilNadu,2814
TamilNadu,2815
TamilNadu,2816
TamilNadu,2817
TamilNadu,2818
TamilNadu,2819
TamilNadu,2820
TamilNadu,2821
TamilNadu,2822
TamilNadu,2823
TamilNadu,2824
TamilNadu,2825
TamilNadu,2826
TamilNadu,2827
TamilNadu,2828
TamilNadu,2829
TamilNadu,2830
TamilNadu,2831
TamilNadu,2832
TamilNadu,2833
TamilNadu,2834
TamilNadu,2835
TamilNadu,2836
TamilNadu,2837
TamilNadu,2838
TamilNadu,2839
TamilNadu,2840
TamilNadu,2841
TamilNadu,2842
TamilNadu,2843
Assam,2846
Assam,2847
Assam,2848
Assam,2849
Karnataka,2890
Karnataka,2891
Karnataka,2892
Punjab,2975
Punjab,2976
Delhi,3045
Delhi,3046
UttarPradesh,3104
Assam,3106
Assam,3107
Assam,3108
Assam,3109
Punjab,3207
Punjab,3208
Punjab,3209
Assam,3210
Chhattisgarh,3211
Rajasthan,3230
Rajasthan,3231
Karnataka,3246
Karnataka,3247
Delhi,3248
Delhi,3249
Delhi,3250
Delhi,3251
Delhi,3252
Delhi,3253
Delhi,3254
Delhi,3255
Delhi,3256
Delhi,3257
Delhi,3258
Delhi,3259
Delhi,3260
Delhi,3261
Delhi,3262
Delhi,3263
Delhi,3264
Delhi,3265
Delhi,3266
Delhi,3267
Delhi,3268
Delhi,3269
Delhi,3270
Delhi,3271
Delhi,3272
Delhi,3273
Delhi,3274
Delhi,3275
Delhi,3276
Delhi,3277
Delhi,3278
Delhi,3279
Delhi,3280
Delhi,3281
Delhi,3282
Delhi,3283
Delhi,3284
Delhi,3285
Delhi,3286
Delhi,3287
Delhi,3288
Delhi,3289
Delhi,3290
Delhi,3291
Delhi,3292
Delhi,3293
Delhi,3294
Delhi,3295
Delhi,3296
Delhi,3297
Delhi,3298
Delhi,3299
Delhi,3300
Delhi,3301
Delhi,3302
Delhi,3303
Delhi,3304
Delhi,3305
Delhi,3306
UttarPradesh,3360
UttarPradesh,3361
UttarPradesh,3362
UttarPradesh,3364
UttarPradesh,3365
UttarPradesh,3366
UttarPradesh,3367
UttarPradesh,3368
UttarPradesh,3369
UttarPradesh,3370
UttarPradesh,3371
UttarPradesh,3372
UttarPradesh,3373
TamilNadu,3382
TamilNadu,3383
TamilNadu,3384
TamilNadu,3385
TamilNadu,3386
TamilNadu,3387
TamilNadu,3388
TamilNadu,3389
TamilNadu,3390
TamilNadu,3391
TamilNadu,3392
TamilNadu,3393
TamilNadu,3394
TamilNadu,3395
TamilNadu,3396
TamilNadu,3399
TamilNadu,3400
TamilNadu,3402
TamilNadu,3403
TamilNadu,3404
TamilNadu,3405
TamilNadu,3406
TamilNadu,3407
TamilNadu,3408
TamilNadu,3409
TamilNadu,3410
TamilNadu,3411
TamilNadu,3412
TamilNadu,3413
TamilNadu,3414
TamilNadu,3415
TamilNadu,3416
TamilNadu,3417
TamilNadu,3418
TamilNadu,3419
TamilNadu,3420
TamilNadu,3421
TamilNadu,3422
TamilNadu,3423
TamilNadu,3424
TamilNadu,3425
TamilNadu,3426
TamilNadu,3427
TamilNadu,3428
TamilNadu,3429
TamilNadu,3430
TamilNadu,3431
TamilNadu,3432
TamilNadu,3433
TamilNadu,3434
TamilNadu,3435
TamilNadu,3436
TamilNadu,3437
TamilNadu,3438
TamilNadu,3439
TamilNadu,3440
TamilNadu,3441
TamilNadu,3442
TamilNadu,3443
TamilNadu,3444
TamilNadu,3445
TamilNadu,3446
TamilNadu,3447
TamilNadu,3448
TamilNadu,3449
TamilNadu,3450
TamilNadu,3451
TamilNadu,3452
Kerala,3456
UttarPradesh,3495
UttarPradesh,3496
UttarPradesh,3497
UttarPradesh,3498
UttarPradesh,3499
UttarPradesh,3500
UttarPradesh,3501
Assam,3572
Rajasthan,3725
HimachalPradesh,3790
HimachalPradesh,3791
HimachalPradesh,3792
HimachalPradesh,3793
HimachalPradesh,3794
HimachalPradesh,3795
Gujarat,3710
Gujarat,3711
Gujarat,3712
Gujarat,3713
Gujarat,3714
Gujarat,3720
Kerala,3825
Kerala,3826
Kerala,3827
Kerala,3828
Karnataka,3832
Karnataka,3833
Karnataka,3834
Karnataka,3835
Karnataka,3836
TamilNadu,3837
TamilNadu,3838
TamilNadu,3839
TamilNadu,3840
TamilNadu,3841
TamilNadu,3842
TamilNadu,3843
TamilNadu,3844
TamilNadu,3845
TamilNadu,3847
TamilNadu,3848
TamilNadu,3849
TamilNadu,3850
TamilNadu,3851
TamilNadu,3852
TamilNadu,3853
TamilNadu,3854
TamilNadu,3855
TamilNadu,3856
TamilNadu,3857
TamilNadu,3858
TamilNadu,3859
TamilNadu,3860
TamilNadu,3861
TamilNadu,3862
TamilNadu,3863
TamilNadu,3864
TamilNadu,3865
TamilNadu,3866
TamilNadu,3867
TamilNadu,3868
TamilNadu,3869
TamilNadu,3870
TamilNadu,3871
TamilNadu,3872
TamilNadu,3873
TamilNadu,3874
TamilNadu,3875
TamilNadu,3876
TamilNadu,3877
TamilNadu,3878
TamilNadu,3879
TamilNadu,3880
TamilNadu,3881
TamilNadu,3882
TamilNadu,3883
TamilNadu,3884
TamilNadu,3886
TamilNadu,3887
TamilNadu,3889
TamilNadu,3890
TamilNadu,3891
TamilNadu,3892
TamilNadu,3893
TamilNadu,3894
TamilNadu,3895
TamilNadu,3896
TamilNadu,3897
TamilNadu,3898
TamilNadu,3899
TamilNadu,3902
TamilNadu,3903
TamilNadu,3904
TamilNadu,3905
TamilNadu,3906
TamilNadu,3907
TamilNadu,3908
TamilNadu,3909
TamilNadu,3910
TamilNadu,3911
TamilNadu,3912
TamilNadu,3913
TamilNadu,3914
TamilNadu,3915
TamilNadu,3916
TamilNadu,3917
TamilNadu,3918
TamilNadu,3919
TamilNadu,3920
TamilNadu,3921
TamilNadu,3922
Delhi,3923
Delhi,3924
Delhi,3925
Delhi,3926
Delhi,3927
Delhi,3928
Delhi,3929
Delhi,3930
Delhi,3931
Delhi,3932
Delhi,3933
Delhi,3934
Delhi,3935
Delhi,3936
Delhi,3937
Delhi,3938
Delhi,3939
Delhi,3940
Delhi,3941
Delhi,3942
Delhi,3943
Delhi,3944
Delhi,3945
Delhi,3946
Delhi,3947
Delhi,3948
Delhi,3949
Delhi,3950
Delhi,3951
Delhi,3952
Delhi,3953
Delhi,3954
Delhi,3955
Delhi,3956
Delhi,3957
Delhi,3958
Delhi,3959
Delhi,3960
Delhi,3961
Delhi,3962
Delhi,3963
Delhi,3964
Delhi,3965
Delhi,3966
Delhi,3967
Delhi,3968
Delhi,3969
Delhi,3970
Delhi,3971
Delhi,3972
Delhi,3973
Delhi,3974
Delhi,3975
Delhi,3976
Delhi,3977
Delhi,3978
Delhi,3979
Delhi,3980
UttarPradesh,4147
UttarPradesh,4148
UttarPradesh,4149
UttarPradesh,4158
UttarPradesh,4159
UttarPradesh,4160
UttarPradesh,4161
UttarPradesh,4162
UttarPradesh,4163
UttarPradesh,4164
UttarPradesh,4165
UttarPradesh,4166
Rajasthan,4290
Rajasthan,4291
Rajasthan,4292
Rajasthan,4293
Rajasthan,4294
Rajasthan,4295
Uttarakhand,4362
Karnataka,4366
Karnataka,4367
Karnataka,4368
Karnataka,4374
UttarPradesh,4395
UttarPradesh,4396
UttarPradesh,4397
UttarPradesh,4398
UttarPradesh,4399
UttarPradesh,4400
UttarPradesh,4402
UttarPradesh,4403
UttarPradesh,4404
UttarPradesh,4405
UttarPradesh,4406
UttarPradesh,4407
UttarPradesh,4408
UttarPradesh,4410
UttarPradesh,4411
UttarPradesh,4412
UttarPradesh,4413
UttarPradesh,4414
UttarPradesh,4415
UttarPradesh,4416
UttarPradesh,4417
UttarPradesh,4418
UttarPradesh,4419
Delhi,4420
Delhi,4420
Delhi,4421
Delhi,4421
Delhi,4422
Delhi,4422
Delhi,4423
Delhi,4423
Delhi,4424
Delhi,4424
Delhi,4425
Delhi,4425
Delhi,4426
Delhi,4426
Delhi,4427
Delhi,4427
Delhi,4428
Delhi,4428
Delhi,4429
Delhi,4429
Delhi,4430
Delhi,4431
Delhi,4432
Delhi,4433
Delhi,4434
Delhi,4435
Delhi,4436
Delhi,4437
Delhi,4438
Delhi,4439
TamilNadu,4449
TamilNadu,4450
TamilNadu,4451
TamilNadu,4454
TamilNadu,4455
TamilNadu,4456
TamilNadu,4457
TamilNadu,4458
TamilNadu,4459
TamilNadu,4460
TamilNadu,4461
TamilNadu,4462
TamilNadu,4463
TamilNadu,4464
TamilNadu,4465
TamilNadu,4466
TamilNadu,4467
TamilNadu,4468
TamilNadu,4470
TamilNadu,4471
TamilNadu,4472
TamilNadu,4473
TamilNadu,4477
TamilNadu,4478
TamilNadu,4479
TamilNadu,4482
TamilNadu,4483
TamilNadu,4484
TamilNadu,4486
TamilNadu,4487
TamilNadu,4488
Kerala,4499
Kerala,4500
Kerala,4501
Punjab,4559
Delhi,4758
Delhi,4759
Assam,4803
Karnataka,4859
Karnataka,4862
Karnataka,4863
Karnataka,4864
Haryana,4882
Haryana,4883
Haryana,4884
Haryana,4885
Haryana,4886
Haryana,4887
Haryana,4888
Haryana,4889
Haryana,4890
Haryana,4891
Haryana,4892
Haryana,4893
Haryana,4894
Haryana,4895
Haryana,4896
Haryana,4897
Punjab,4915
Punjab,4916
Delhi,5213
Delhi,5214
Delhi,5215
Delhi,5216
Delhi,5217
Delhi,5218
Delhi,5219
Delhi,5220
Delhi,5221
Delhi,5222
Delhi,5223
Delhi,5224
Delhi,5225
Delhi,5226
Delhi,5227
Delhi,5228
Delhi,5229
Delhi,5230
Delhi,5231
Delhi,5232
Delhi,5233
Delhi,5234
Delhi,5235
Delhi,5236
Delhi,5237
UttarPradesh,5275
UttarPradesh,5276
UttarPradesh,5277
UttarPradesh,5283
UttarPradesh,5284
UttarPradesh,5285
UttarPradesh,5286
Delhi,5312
Delhi,5313
Delhi,5314
Delhi,5315
Delhi,5316
Delhi,5317
Delhi,5318
Delhi,5319
Delhi,5320
Delhi,5321
Delhi,5322
Delhi,5323
Delhi,5324
Delhi,5325
Delhi,5326
Delhi,5327
Delhi,5328
Delhi,5329
Delhi,5330
Delhi,5331
Delhi,5332
Delhi,5333
Delhi,5334
Delhi,5335
Delhi,5336
Delhi,5337
HimachalPradesh,5342
HimachalPradesh,5343
HimachalPradesh,5344
HimachalPradesh,5345
HimachalPradesh,5346
HimachalPradesh,5347
HimachalPradesh,5348
HimachalPradesh,5349
HimachalPradesh,5350
Karnataka,5388
Karnataka,5389
Kerala,5543
UttarPradesh,5621
UttarPradesh,5622
UttarPradesh,5623
UttarPradesh,5624
UttarPradesh,5625
UttarPradesh,5632
UttarPradesh,5633
UttarPradesh,5634
UttarPradesh,5635
UttarPradesh,5636
UttarPradesh,5637
UttarPradesh,5638
UttarPradesh,5639
UttarPradesh,5641
UttarPradesh,5642
Delhi,5824
Delhi,5825
Delhi,5826
Delhi,5827
Delhi,5828
Delhi,5829
Delhi,5830
Delhi,5831
Delhi,5832
Delhi,5833
Delhi,5834
Delhi,5835
Delhi,5836
Delhi,5837
Delhi,5838
Delhi,5839
Delhi,5840
Delhi,5841
Delhi,5842
Delhi,5843
Delhi,5844
Delhi,5845
Delhi,5846
Delhi,5847
Delhi,5848
Delhi,5849
Delhi,5850
Delhi,5851
Delhi,5852
Delhi,5853
Delhi,5854
Delhi,5855
Delhi,5856
Delhi,5857
Delhi,5858
Delhi,5859
Delhi,5860
Delhi,5861
Delhi,5862
Delhi,5863
Delhi,5864
Delhi,5865
Delhi,5866
Delhi,5867
Delhi,5868
Delhi,5869
Delhi,5870
Delhi,5871
Delhi,5872
Delhi,5873
Delhi,5874
Delhi,5875
Delhi,5876
Delhi,5877
Delhi,5878
Delhi,5879
Delhi,5880
Delhi,5881
Delhi,5882
Delhi,5883
Delhi,5884
Delhi,5885
Delhi,5886
Delhi,5887
Delhi,5888
Delhi,5889
Delhi,5890
Delhi,5891
Delhi,5892
Delhi,5893
Delhi,5894
Delhi,5895
Delhi,5896
Delhi,5897
Delhi,5898
Delhi,5899
Delhi,5900
Delhi,5901
Delhi,5902
Delhi,5903
Delhi,5904
Delhi,5905
Delhi,5906
Delhi,5907
Delhi,5908
Delhi,5909
Delhi,5910
Delhi,5911
Delhi,5912
Delhi,5913
Delhi,5914
Delhi,5915
Delhi,5916
Karnataka,6215
Karnataka,6216
Karnataka,6266
Delhi,6517
Delhi,6518
Delhi,6519
Delhi,6520
Delhi,6521
Delhi,6522
Delhi,6523
Delhi,6524
Delhi,6525
Delhi,6526
Delhi,6527
Delhi,6528
Delhi,6529
Delhi,6530
Delhi,6531
Delhi,6532
Delhi,6533
Delhi,6534
Delhi,6535
Delhi,6536
Delhi,6537
Delhi,6539
Delhi,6540
Delhi,6541
Delhi,6542
Delhi,6543
Delhi,6544
Delhi,6545
Delhi,6546
Delhi,6547
Delhi,6548
Delhi,6549
Delhi,6550
Delhi,6551
Delhi,6552
Delhi,6553
Delhi,6554
Delhi,6555
Delhi,6556
Delhi,6557
Delhi,6558
Delhi,6559
Delhi,6560
Delhi,6561
Delhi,6562
Delhi,6563
Delhi,6564
Delhi,6565
Delhi,6566
Delhi,6567
UttarPradesh,6623
Delhi,7165
Delhi,7166
Delhi,7167
Delhi,7168
Delhi,7169
Delhi,7170
Delhi,7171
Delhi,7172
Delhi,7173
Delhi,7174
Delhi,7175
Delhi,7176
Delhi,7177
Delhi,7178
Delhi,7179
Delhi,7180
Delhi,7181
Delhi,7182
Delhi,7183
Delhi,7184
Delhi,7185
Delhi,7186
Delhi,7187
Delhi,7188
Delhi,7189
Delhi,7190
Delhi,7191
Delhi,7192
Delhi,7193
Delhi,7194
Delhi,7195
Delhi,7196
Delhi,7197
Delhi,7198
Delhi,7199
Delhi,7200
Delhi,7201
Delhi,7202
Delhi,7203
Delhi,7204
Delhi,7205
Delhi,7206
Delhi,7207
Delhi,7208
Delhi,7209
Delhi,7210
Delhi,7211
Delhi,7212
Delhi,7213
Delhi,7214
Delhi,7215
Delhi,7216
Delhi,7217
Delhi,7218
Delhi,7219
Delhi,7220
Delhi,7221
Delhi,7222
Delhi,7223
Delhi,7224
Delhi,7225
Delhi,7226
Delhi,7227
Delhi,7228
Delhi,7229
Delhi,7230
Delhi,7231
Delhi,7232
Delhi,7233
Delhi,7234
Delhi,7235
Delhi,7236
Delhi,7237
Delhi,7238
Delhi,7239
Delhi,7240
Delhi,7241
Delhi,7242
Delhi,7243
Delhi,7244
Delhi,7245
Delhi,7246
Delhi,7247
Delhi,7248
Delhi,7249
Delhi,7250
Delhi,7251
Delhi,7252
Delhi,7253
Delhi,7254
Delhi,7255
Delhi,7256
Delhi,7257
Delhi,7258
Delhi,7259
Delhi,7260
Delhi,7261
Delhi,7262
Delhi,7263
Delhi,7264
Delhi,7265
Delhi,7266
Delhi,7267
Delhi,7268
Delhi,7269
Delhi,7270
Delhi,7271
Delhi,7272
Delhi,7273
Delhi,7274
Delhi,7275
Delhi,7276
Delhi,7277
Delhi,7278
Delhi,7279
Delhi,7280
Delhi,7281
Delhi,7282
Delhi,7283
Delhi,7284
Delhi,7285
Delhi,7286
Delhi,7287
Delhi,7288
Delhi,7289
Delhi,7290
Delhi,7291
Delhi,7292
Delhi,7293
Delhi,7294
Delhi,7295
Delhi,7296
Delhi,7297
Delhi,7298
Delhi,7299
Delhi,7300
Delhi,7301
Delhi,7302
Delhi,7303
Delhi,7304
Delhi,7305
Delhi,7306
Delhi,7307
Delhi,7308
Delhi,7309
Delhi,7310
Delhi,7311
Delhi,7312
Delhi,7313
Delhi,7314
Delhi,7315
Delhi,7316
Delhi,7317
Delhi,7318
Delhi,7319
Delhi,7320
Delhi,7321
Delhi,7322
Delhi,7323
Delhi,7324
Delhi,7325
Delhi,7326
Delhi,7327
Delhi,7328
Delhi,7329
Delhi,7330
Delhi,7331
Delhi,7332
Delhi,7333
Delhi,7334
Delhi,7335
Delhi,7336
Delhi,7337
Delhi,7338
Delhi,7339
Delhi,7340
Delhi,7341
Delhi,7342
Delhi,7343
Delhi,7344
Delhi,7345
Delhi,7346
Delhi,7347
Delhi,8064
Delhi,8065
Delhi,8066
Delhi,8067
Delhi,8068
Delhi,8069
Delhi,8070
Delhi,8071
Delhi,8072
Delhi,8073
Delhi,8074
Delhi,8075
Delhi,8076
Delhi,8077
Delhi,8078
Delhi,8079
Delhi,8080
Delhi,8081
Delhi,8082
Delhi,8083
Delhi,8084
Delhi,8085
Delhi,8086
Delhi,8087
Delhi,8088
Delhi,8089
Delhi,8090
Delhi,8091
Delhi,8092
Delhi,8093
Delhi,8094
Delhi,8095
Delhi,8096
Delhi,8097
Delhi,8098
Delhi,8099
Delhi,8100
Delhi,8101
Delhi,8102
Delhi,8103
Delhi,8104
Delhi,8105
Delhi,8106
Delhi,8107
Delhi,8108
Delhi,8109
Delhi,8110
Delhi,8111
Delhi,8112
Delhi,8113
Delhi,8114
Delhi,8115
Delhi,8116
Delhi,8117
Delhi,8118
Delhi,8119
Delhi,8120
Delhi,8121
Delhi,8122
Delhi,8123
Delhi,8124
Delhi,8125
Delhi,8126
Delhi,8127
Delhi,8128
Delhi,8129
Delhi,8130
Delhi,8131
Delhi,8132
Delhi,8133
Delhi,8134
Delhi,8135
Delhi,8136
Delhi,8137
Delhi,8138
Delhi,8139
Delhi,8140
Delhi,8141
Delhi,8142
Delhi,8143
Delhi,8144
Delhi,8145
Delhi,8146
Delhi,8147
Delhi,8148
Delhi,8149
Delhi,8150
Delhi,8151
Delhi,8152
Delhi,8153
Delhi,8154
Delhi,8155
Delhi,8156
Delhi,8157
Delhi,8158
Delhi,8159
Delhi,8160
Delhi,8161
Delhi,8162
Delhi,8163
Delhi,8164
Delhi,8165
Delhi,8166
Delhi,8167
Delhi,8168
Delhi,8169
Delhi,8170
Delhi,8171
Delhi,8172
Delhi,8173
Delhi,8174
Delhi,8175
Delhi,8176
Delhi,8177
Delhi,8178
Delhi,8179
Delhi,8180
Delhi,8181
Delhi,8182
Delhi,8183
Delhi,8184
Delhi,8185
Delhi,8186
Delhi,8187
Delhi,8188
Delhi,8189
Delhi,8190
Delhi,8191
Delhi,8192
Delhi,8193
Delhi,8194
Delhi,8195
Delhi,8196
Delhi,8197
Delhi,8198
Delhi,8199
Delhi,8200
Delhi,8201
Delhi,8202
Delhi,8203
Delhi,8204
Delhi,8205
Delhi,8206
Delhi,8207
Delhi,8208
Delhi,8209
Delhi,8210
Delhi,8211
Delhi,8212
Delhi,8213
Delhi,8214
Delhi,8215
Delhi,8216
Delhi,8217
Delhi,8218
Delhi,8219
Delhi,8220
Delhi,8221
Delhi,8222
Delhi,8223
Delhi,8224
Delhi,8225
Delhi,8226
Delhi,8227
Delhi,8228
Delhi,8229
Delhi,8993
Delhi,8994
Delhi,8995
Delhi,8996
Delhi,8997
Delhi,8998
Delhi,8999
Delhi,9000
Delhi,9001
Delhi,9002
Delhi,9003
Delhi,9004
Delhi,9005
Delhi,9006
Delhi,9007
Delhi,9008
Delhi,9009
Delhi,9010
Delhi,9011
Delhi,9012
Delhi,9013
Delhi,9014
Delhi,9015
Delhi,9016
Delhi,9017
Delhi,9018
Delhi,9019
Delhi,9020
Delhi,9021
Delhi,9022
Delhi,9023
Delhi,9024
Delhi,9025
Delhi,9026
Delhi,9027
Delhi,9028
Delhi,9029
Delhi,9030
Delhi,9031
Delhi,9032
Delhi,9033
Delhi,9034
Delhi,9035
Delhi,9036
Delhi,9037
DRC,4
DRC,29
DRC,31
DRC,40
DRC,64
DRC,72
DRC,83
DRC,128
DRC,129
DRC,130
DRC,171
DRC,197
DRC,198
DRC,199
DRC,204
DRC,205
DRC,206
DRC,254
DRC,255
DRC,256
DRC,279
DRC,280
DRC,281
DRC,282
DRC,283
DRC,284
DRC,332
DRC,431
DRC,432
DRC,433
DRC,624
DRC,625
DRC,626
DRC,627
DRC,628
DRC,674
DRC,682
DRC,723
DRC,728
DRC,729
DRC,730
DRC,860
DRC,877
DRC,995
DRC,996
DRC,997
DRC,998
DRC,999
DRC,1000
DRC,1001
DRC,1002
DRC,1003
DRC,1080
DRC,1081
DRC,1082
DRC,1083
DRC,1105
DRC,1106
DRC,1107
DRC,1108
DRC,1109
DRC,1110
DRC,1111
DRC,1112
DRC,1113
DRC,1114
DRC,1115
DRC,1116
DRC,1117
DRC,1118
DRC,1119
DRC,1120
DRC,1121
DRC,1122
DRC,1122
DRC,1123
DRC,1123
DRC,1124
DRC,1124
DRC,1125
DRC,1125
DRC,1126
DRC,1126
DRC,1127
DRC,1127
DRC,1172
DRC,1173
DRC,1190
DRC,1282
DRC,1282
DRC,1283
DRC,1283
DRC,1284
DRC,1284
DRC,1285
DRC,1285
DRC,1286
DRC,1286
DRC,1287
DRC,1287
DRC,1288
DRC,1288
DRC,1289
DRC,1289
DRC,1290
DRC,1290
DRC,1291
DRC,1291
DRC,1292
DRC,1292
DRC,1293
DRC,1293
DRC,1294
DRC,1294
DRC,1295
DRC,1295
DRC,1296
DRC,1296
DRC,1297
DRC,1297
DRC,1298
DRC,1298
DRC,1299
DRC,1299
DRC,1300
DRC,1301
DRC,1302
DRC,1303
DRC,1304
DRC,1305
DRC,1306
DRC,1391
DRC,1392
DRC,1393
DRC,1394
DRC,1395
DRC,1404
DRC,1407
DRC,1411
DRC,1412
DRC,1413
DRC,1414
DRC,1415
DRC,1416
DRC,1500
DRC,1501
DRC,1516
DRC,1517
DRC,1518
DRC,1519
DRC,1520
DRC,1521
DRC,1522
DRC,1523
DRC,1524
DRC,1525
DRC,1526
DRC,1527
DRC,1528
DRC,1529
DRC,1530
DRC,1531
DRC,1532
DRC,1533
DRC,1534
DRC,1535
DRC,1536
DRC,1537
DRC,1538
DRC,1539
DRC,1540
DRC,1541
DRC,1542
DRC,1543
DRC,1544
DRC,1545
DRC,1546
DRC,1547
DRC,1548
DRC,1549
DRC,1550
DRC,1551
DRC,1552
DRC,1553
DRC,1554
DRC,1555
DRC,1556
DRC,1557
DRC,1558
DRC,1559
DRC,1560
DRC,1566
DRC,1567
DRC,1568
DRC,1569
DRC,1570
DRC,1571
DRC,1572
DRC,1573
DRC,1574
DRC,1575
DRC,1576
DRC,1577
DRC,1578
DRC,1579
DRC,1580
DRC,1586
DRC,1587
DRC,1588
DRC,1589
DRC,1590
DRC,1591
DRC,1592
DRC,1593
DRC,1594
DRC,1595
DRC,1596
DRC,1597
DRC,1598
DRC,1599
DRC,1600
DRC,1601
DRC,1602
DRC,1603
DRC,1604
DRC,1605
DRC,1606
DRC,1607
DRC,1608
DRC,1610
DRC,1611
DRC,1612
DRC,1613
DRC,1658
DRC,1659
DRC,1660
DRC,1669
DRC,1670
DRC,1671
DRC,1672
DRC,1673
DRC,1674
DRC,1675
DRC,1676
DRC,1677
DRC,1678
DRC,1679
DRC,1680
DRC,1681
DRC,1682
DRC,1683
DRC,1684
DRC,1685
DRC,1686
DRC,1687
DRC,1688
DRC,1689
DRC,1690
DRC,1691
DRC,1692
DRC,1693
DRC,1694
DRC,1695
DRC,1696
DRC,1697
DRC,1698
DRC,1699
DRC,1700
DRC,1701
DRC,1702
DRC,1703
DRC,1704
DRC,1705
DRC,1706
DRC,1707
DRC,1708
DRC,1709
DRC,1710
DRC,1711
DRC,1722
DRC,1723
DRC,1724
DRC,1725
DRC,1739
DRC,1740
DRC,1761
DRC,1762
DRC,1763
DRC,1764
DRC,1765
DRC,1766
DRC,1767
DRC,1768
DRC,1769
DRC,1770
DRC,1771
DRC,1772
DRC,1773
DRC,1774
DRC,1775
DRC,1776
DRC,1777
DRC,1778
DRC,1779
DRC,1780
DRC,1781
DRC,1782
DRC,1783
DRC,1784
DRC,1785
DRC,1786
DRC,1787
DRC,1788
DRC,1789
DRC,1790
DRC,1791
DRC,1792
DRC,1793
DRC,1794
DRC,1795
DRC,1796
DRC,1797
DRC,1798
DRC,1799
DRC,1800
DRC,1801
DRC,1802
DRC,1803
DRC,1804
DRC,1805
DRC,1806
DRC,1807
DRC,1808
DRC,1809
DRC,1810
DRC,1811
DRC,1812
DRC,1813
DRC,1814
DRC,1815
DRC,1816
DRC,1817
DRC,1818
DRC,1819
DRC,1820
DRC,1821
DRC,1822
DRC,1823
DRC,1824
DRC,1825
DRC,1826
DRC,1827
DRC,1828
DRC,1829
DRC,1830
DRC,1831
DRC,1832
DRC,1833
DRC,1834
DRC,1835
DRC,1836
DRC,1837
DRC,1838
DRC,1839
DRC,1840
DRC,1841
DRC,1842
DRC,1843
DRC,1844
DRC,1845
DRC,1846
DRC,1847
DRC,1848
DRC,1849
DRC,1850
DRC,1851
DRC,1852
DRC,1853
DRC,1854
DRC,1855
DRC,1856
DRC,1857
DRC,1858
DRC,1859
DRC,1860
DRC,1861
DRC,1862
DRC,1863
DRC,1864
DRC,1865
DRC,1866
DRC,1867
DRC,1868
DRC,1869
DRC,1870
DRC,1913
DRC,1914
DRC,1915
DRC,1916
DRC,1917
DRC,1918
DRC,1919
DRC,1920
DRC,1921
DRC,1922
DRC,1923
DRC,1924
DRC,1925
DRC,1926
DRC,1927
DRC,1928
DRC,1929
DRC,1930
DRC,1931
DRC,1932
DRC,1933
DRC,1934
DRC,1935
DRC,1936
DRC,1937
DRC,1938
DRC,1939
DRC,1940
DRC,1941
DRC,1967
DRC,1968
DRC,1969
DRC,1970
DRC,1971
DRC,1972
DRC,1973
DRC,1974
DRC,1999
DRC,2000
DRC,2001
DRC,2002
DRC,2003
DRC,2004
DRC,2005
DRC,2006
DRC,2007
DRC,2008
DRC,2009
DRC,2010
DRC,2015
DRC,2065
DRC,2094
DRC,2103
DRC,2104
DRC,2105
DRC,2106
DRC,2107
DRC,2109
DRC,2110
DRC,2111
DRC,2112
DRC,2114
DRC,2115
DRC,2116
DRC,2117
DRC,2118
DRC,2119
DRC,2120
DRC,2121
DRC,2122
DRC,2123
DRC,2124
DRC,2125
DRC,2126
DRC,2127
DRC,2128
DRC,2129
DRC,2130
DRC,2131
DRC,2132
DRC,2133
DRC,2134
DRC,2135
DRC,2136
DRC,2137
DRC,2138
DRC,2139
DRC,2140
DRC,2141
DRC,2142
DRC,2143
DRC,2144
DRC,2145
DRC,2146
DRC,2147
DRC,2148
DRC,2149
DRC,2150
DRC,2151
DRC,2152
DRC,2153
DRC,2154
DRC,2155
DRC,2156
DRC,2157
DRC,2158
DRC,2159
DRC,2160
DRC,2161
DRC,2162
DRC,2163
DRC,2164
DRC,2165
DRC,2166
DRC,2167
DRC,2168
DRC,2169
DRC,2170
DRC,2171
DRC,2172
DRC,2173
DRC,2174
DRC,2175
DRC,2176
DRC,2177
DRC,2178
DRC,2179
DRC,2180
DRC,2212
DRC,2215
DRC,2222
DRC,2223
DRC,2224
DRC,2225
DRC,2226
DRC,2227
DRC,2228
DRC,2229
DRC,2230
DRC,2231
DRC,2232
DRC,2233
DRC,2234
DRC,2235
DRC,2236
DRC,2237
DRC,2238
DRC,2239
DRC,2240
DRC,2241
DRC,2242
DRC,2243
DRC,2244
DRC,2245
DRC,2246
DRC,2247
DRC,2248
DRC,2249
DRC,2250
DRC,2251
DRC,2252
DRC,2253
DRC,2254
DRC,2255
DRC,2256
DRC,2257
DRC,2258
DRC,2259
DRC,2260
DRC,2261
DRC,2262
DRC,2263
DRC,2264
DRC,2265
DRC,2266
DRC,2267
DRC,2268
DRC,2269
DRC,2270
DRC,2271
DRC,2272
DRC,2273
DRC,2274
DRC,2275
DRC,2276
DRC,2277
DRC,2278
DRC,2279
DRC,2280
DRC,2281
DRC,2282
DRC,2283
DRC,2284
DRC,2285
DRC,2286
DRC,2287
DRC,2288
DRC,2289
DRC,2290
DRC,2291
DRC,2292
DRC,2293
DRC,2294
DRC,2401
DRC,2402
DRC,2403
DRC,2404
DRC,2405
DRC,2406
DRC,2407
DRC,2408
DRC,2409
DRC,2410
DRC,2411
DRC,2412
DRC,2413
DRC,2414
DRC,2415
DRC,2416
DRC,2417
DRC,2418
DRC,2419
DRC,2420
DRC,2421
DRC,2422
DRC,2423
DRC,2424
DRC,2425
DRC,2426
DRC,2427
DRC,2428
DRC,2429
DRC,2430
DRC,2431
DRC,2432
DRC,2433
DRC,2434
DRC,2435
DRC,2436
DRC,2437
DRC,2438
DRC,2439
DRC,2440
DRC,2441
DRC,2442
DRC,2443
DRC,2444
DRC,2445
DRC,2446
DRC,2447
DRC,2448
DRC,2449
DRC,2450
DRC,2451
DRC,2452
DRC,2453
DRC,2454
DRC,2455
DRC,2456
DRC,2457
DRC,2458
DRC,2459
DRC,2460
DRC,2461
DRC,2462
DRC,2463
DRC,2464
DRC,2465
DRC,2466
DRC,2467
DRC,2468
DRC,2469
DRC,2470
DRC,2471
DRC,2472
DRC,2473
DRC,2474
DRC,2527
DRC,2531
DRC,2532
DRC,2533
DRC,2534
DRC,2535
DRC,2536
DRC,2544
DRC,2545
DRC,2551
DRC,2552
DRC,2606
DRC,2607
DRC,2608
DRC,2609
DRC,2610
DRC,2611
DRC,2612
DRC,2613
DRC,2614
DRC,2615
DRC,2616
DRC,2617
DRC,2618
DRC,2619
DRC,2620
DRC,2621
DRC,2622
DRC,2623
DRC,2624
DRC,2625
DRC,2626
DRC,2627
DRC,2628
DRC,2629
DRC,2630
DRC,2631
DRC,2640
DRC,2653
DRC,2654
DRC,2655
DRC,2656
DRC,2657
DRC,2658
DRC,2659
DRC,2660
DRC,2661
DRC,2662
DRC,2663
DRC,2664
DRC,2665
DRC,2666
DRC,2667
DRC,2668
DRC,2669
DRC,2670
DRC,2671
DRC,2672
DRC,2673
DRC,2674
DRC,2675
DRC,2676
DRC,2677
DRC,2678
DRC,2679
DRC,2680
DRC,2681
DRC,2682
DRC,2683
DRC,2684
DRC,2685
DRC,2686
DRC,2687
DRC,2688
DRC,2689
DRC,2690
DRC,2691
DRC,2692
DRC,2693
DRC,2694
DRC,2695
DRC,2696
DRC,2697
DRC,2698
DRC,2699
DRC,2700
DRC,2701
DRC,2702
DRC,2703
DRC,2704
DRC,2705
DRC,2706
DRC,2707
DRC,2708
DRC,2709
DRC,2710
DRC,2711
DRC,2712
DRC,2713
DRC,2714
DRC,2715
DRC,2716
DRC,2717
DRC,2718
DRC,2719
DRC,2720
DRC,2721
DRC,2722
DRC,2723
DRC,2724
DRC,2725
DRC,2726
DRC,2727
DRC,2728
DRC,2729
DRC,2730
DRC,2731
DRC,2732
DRC,2733
DRC,2734
DRC,2735
DRC,2736
DRC,2737
DRC,2738
DRC,2739
DRC,2740
DRC,2741
DRC,2742
DRC,2743
DRC,2744
DRC,2747
DRC,2748
DRC,2749
DRC,2750
DRC,2751
DRC,2752
DRC,2753
DRC,2754
DRC,2755
DRC,2756
DRC,2757
DRC,2758
DRC,2759
DRC,2760
DRC,2761
DRC,2762
DRC,2763
DRC,2764
DRC,2765
DRC,2766
DRC,2767
DRC,2768
DRC,2769
DRC,2770
DRC,2771
DRC,2772
DRC,2773
DRC,2774
DRC,2775
DRC,2776
DRC,2777
DRC,2778
DRC,2779
DRC,2780
DRC,2781
DRC,2782
DRC,2783
DRC,2784
DRC,2785
DRC,2786
DRC,2787
DRC,2788
DRC,2789
DRC,2790
DRC,2791
DRC,2792
DRC,2793
DRC,2794
DRC,2795
DRC,2796
DRC,2797
DRC,2798
DRC,2799
DRC,2800
DRC,2801
DRC,2802
DRC,2803
DRC,2804
DRC,2805
DRC,2806
DRC,2807
DRC,2808
DRC,2809
DRC,2810
DRC,2811
DRC,2812
DRC,2813
DRC,2814
DRC,2815
DRC,2816
DRC,2817
DRC,2818
DRC,2819
DRC,2820
DRC,2821
DRC,2822
DRC,2823
DRC,2824
DRC,2825
DRC,2826
DRC,2827
DRC,2828
DRC,2829
DRC,2830
DRC,2831
DRC,2832
DRC,2833
DRC,2834
DRC,2835
DRC,2836
DRC,2837
DRC,2838
DRC,2839
DRC,2840
DRC,2841
DRC,2842
DRC,2843
DRC,2846
DRC,2847
DRC,2848
DRC,2849
DRC,2890
DRC,2891
DRC,2892
DRC,2975
DRC,2976
DRC,3045
DRC,3046
DRC,3104
DRC,3106
DRC,3107
DRC,3108
DRC,3109
DRC,3207
DRC,3208
DRC,3209
DRC,3210
DRC,3211
DRC,3230
DRC,3231
DRC,3246
DRC,3247
DRC,3248
DRC,3249
DRC,3250
DRC,3251
DRC,3252
DRC,3253
DRC,3254
DRC,3255
DRC,3256
DRC,3257
DRC,3258
DRC,3259
DRC,3260
DRC,3261
DRC,3262
DRC,3263
DRC,3264
DRC,3265
DRC,3266
DRC,3267
DRC,3268
DRC,3269
DRC,3270
DRC,3271
DRC,3272
DRC,3273
DRC,3274
DRC,3275
DRC,3276
DRC,3277
DRC,3278
DRC,3279
DRC,3280
DRC,3281
DRC,3282
DRC,3283
DRC,3284
DRC,3285
DRC,3286
DRC,3287
DRC,3288
DRC,3289
DRC,3290
DRC,3291
DRC,3292
DRC,3293
DRC,3294
DRC,3295
DRC,3296
DRC,3297
DRC,3298
DRC,3299
DRC,3300
DRC,3301
DRC,3302
DRC,3303
DRC,3304
DRC,3305
DRC,3306
DRC,3360
DRC,3361
DRC,3362
DRC,3364
DRC,3365
DRC,3366
DRC,3367
DRC,3368
DRC,3369
DRC,3370
DRC,3371
DRC,3372
DRC,3373
DRC,3382
DRC,3383
DRC,3384
DRC,3385
DRC,3386
DRC,3387
DRC,3388
DRC,3389
DRC,3390
DRC,3391
DRC,3392
DRC,3393
DRC,3394
DRC,3395
DRC,3396
DRC,3399
DRC,3400
DRC,3402
DRC,3403
DRC,3404
DRC,3405
DRC,3406
DRC,3407
DRC,3408
DRC,3409
DRC,3410
DRC,3411
DRC,3412
DRC,3413
DRC,3414
DRC,3415
DRC,3416
DRC,3417
DRC,3418
DRC,3419
DRC,3420
DRC,3421
DRC,3422
DRC,3423
DRC,3424
DRC,3425
DRC,3426
DRC,3427
DRC,3428
DRC,3429
DRC,3430
DRC,3431
DRC,3432
DRC,3433
DRC,3434
DRC,3435
DRC,3436
DRC,3437
DRC,3438
DRC,3439
DRC,3440
DRC,3441
DRC,3442
DRC,3443
DRC,3444
DRC,3445
DRC,3446
DRC,3447
DRC,3448
DRC,3449
DRC,3450
DRC,3451
DRC,3452
DRC,3456
DRC,3495
DRC,3496
DRC,3497
DRC,3498
DRC,3499
DRC,3500
DRC,3501
DRC,3572
DRC,3725
DRC,3790
DRC,3791
DRC,3792
DRC,3793
DRC,3794
DRC,3795
DRC,3710
DRC,3711
DRC,3712
DRC,3713
DRC,3714
DRC,3720
DRC,3825
DRC,3826
DRC,3827
DRC,3828
DRC,3832
DRC,3833
DRC,3834
DRC,3835
DRC,3836
DRC,3837
DRC,3838
DRC,3839
DRC,3840
DRC,3841
DRC,3842
DRC,3843
DRC,3844
DRC,3845
DRC,3847
DRC,3848
DRC,3849
DRC,3850
DRC,3851
DRC,3852
DRC,3853
DRC,3854
DRC,3855
DRC,3856
DRC,3857
DRC,3858
DRC,3859
DRC,3860
DRC,3861
DRC,3862
DRC,3863
DRC,3864
DRC,3865
DRC,3866
DRC,3867
DRC,3868
DRC,3869
DRC,3870
DRC,3871
DRC,3872
DRC,3873
DRC,3874
DRC,3875
DRC,3876
DRC,3877
DRC,3878
DRC,3879
DRC,3880
DRC,3881
DRC,3882
DRC,3883
DRC,3884
DRC,3886
DRC,3887
DRC,3889
DRC,3890
DRC,3891
DRC,3892
DRC,3893
DRC,3894
DRC,3895
DRC,3896
DRC,3897
DRC,3898
DRC,3899
DRC,3902
DRC,3903
DRC,3904
DRC,3905
DRC,3906
DRC,3907
DRC,3908
DRC,3909
DRC,3910
DRC,3911
DRC,3912
DRC,3913
DRC,3914
DRC,3915
DRC,3916
DRC,3917
DRC,3918
DRC,3919
DRC,3920
DRC,3921
DRC,3922
DRC,3923
DRC,3924
DRC,3925
DRC,3926
DRC,3927
DRC,3928
DRC,3929
DRC,3930
DRC,3931
DRC,3932
DRC,3933
DRC,3934
DRC,3935
DRC,3936
DRC,3937
DRC,3938
DRC,3939
DRC,3940
DRC,3941
DRC,3942
DRC,3943
DRC,3944
DRC,3945
DRC,3946
DRC,3947
DRC,3948
DRC,3949
DRC,3950
DRC,3951
DRC,3952
DRC,3953
DRC,3954
DRC,3955
DRC,3956
DRC,3957
DRC,3958
DRC,3959
DRC,3960
DRC,3961
DRC,3962
DRC,3963
DRC,3964
DRC,3965
DRC,3966
DRC,3967
DRC,3968
DRC,3969
DRC,3970
DRC,3971
DRC,3972
DRC,3973
DRC,3974
DRC,3975
DRC,3976
DRC,3977
DRC,3978
DRC,3979
DRC,3980
DRC,4147
DRC,4148
DRC,4149
DRC,4158
DRC,4159
DRC,4160
DRC,4161
DRC,4162
DRC,4163
DRC,4164
DRC,4165
DRC,4166
DRC,4290
DRC,4291
DRC,4292
DRC,4293
DRC,4294
DRC,4295
DRC,4362
DRC,4366
DRC,4367
DRC,4368
DRC,4374
DRC,4395
DRC,4396
DRC,4397
DRC,4398
DRC,4399
DRC,4400
DRC,4402
DRC,4403
DRC,4404
DRC,4405
DRC,4406
DRC,4407
DRC,4408
DRC,4410
DRC,4411
DRC,4412
DRC,4413
DRC,4414
DRC,4415
DRC,4416
DRC,4417
DRC,4418
DRC,4419
DRC,4420
DRC,4420
DRC,4421
DRC,4421
DRC,4422
DRC,4422
DRC,4423
DRC,4423
DRC,4424
DRC,4424
DRC,4425
DRC,4425
DRC,4426
DRC,4426
DRC,4427
DRC,4427
DRC,4428
DRC,4428
DRC,4429
DRC,4429
DRC,4430
DRC,4431
DRC,4432
DRC,4433
DRC,4434
DRC,4435
DRC,4436
DRC,4437
DRC,4438
DRC,4439
DRC,4449
DRC,4450
DRC,4451
DRC,4454
DRC,4455
DRC,4456
DRC,4457
DRC,4458
DRC,4459
DRC,4460
DRC,4461
DRC,4462
DRC,4463
DRC,4464
DRC,4465
DRC,4466
DRC,4467
DRC,4468
DRC,4470
DRC,4471
DRC,4472
DRC,4473
DRC,4477
DRC,4478
DRC,4479
DRC,4482
DRC,4483
DRC,4484
DRC,4486
DRC,4487
DRC,4488
DRC,4499
DRC,4500
DRC,4501
DRC,4559
DRC,4758
DRC,4759
DRC,4803
DRC,4859
DRC,4862
DRC,4863
DRC,4864
DRC,4882
DRC,4883
DRC,4884
DRC,4885
DRC,4886
DRC,4887
DRC,4888
DRC,4889
DRC,4890
DRC,4891
DRC,4892
DRC,4893
DRC,4894
DRC,4895
DRC,4896
DRC,4897
DRC,4915
DRC,4916
DRC,5213
DRC,5214
DRC,5215
DRC,5216
DRC,5217
DRC,5218
DRC,5219
DRC,5220
DRC,5221
DRC,5222
DRC,5223
DRC,5224
DRC,5225
DRC,5226
DRC,5227
DRC,5228
DRC,5229
DRC,5230
DRC,5231
DRC,5232
DRC,5233
DRC,5234
DRC,5235
DRC,5236
DRC,5237
DRC,5275
DRC,5276
DRC,5277
DRC,5283
DRC,5284
DRC,5285
DRC,5286
DRC,5312
DRC,5313
DRC,5314
DRC,5315
DRC,5316
DRC,5317
DRC,5318
DRC,5319
DRC,5320
DRC,5321
DRC,5322
DRC,5323
DRC,5324
DRC,5325
DRC,5326
DRC,5327
DRC,5328
DRC,5329
DRC,5330
DRC,5331
DRC,5332
DRC,5333
DRC,5334
DRC,5335
DRC,5336
DRC,5337
DRC,5342
DRC,5343
DRC,5344
DRC,5345
DRC,5346
DRC,5347
DRC,5348
DRC,5349
DRC,5350
DRC,5388
DRC,5389
DRC,5543
DRC,5621
DRC,5622
DRC,5623
DRC,5624
DRC,5625
DRC,5632
DRC,5633
DRC,5634
DRC,5635
DRC,5636
DRC,5637
DRC,5638
DRC,5639
DRC,5641
DRC,5642
DRC,5824
DRC,5825
DRC,5826
DRC,5827
DRC,5828
DRC,5829
DRC,5830
DRC,5831
DRC,5832
DRC,5833
DRC,5834
DRC,5835
DRC,5836
DRC,5837
DRC,5838
DRC,5839
DRC,5840
DRC,5841
DRC,5842
DRC,5843
DRC,5844
DRC,5845
DRC,5846
DRC,5847
DRC,5848
DRC,5849
DRC,5850
DRC,5851
DRC,5852
DRC,5853
DRC,5854
DRC,5855
DRC,5856
DRC,5857
DRC,5858
DRC,5859
DRC,5860
DRC,5861
DRC,5862
DRC,5863
DRC,5864
DRC,5865
DRC,5866
DRC,5867
DRC,5868
DRC,5869
DRC,5870
DRC,5871
DRC,5872
DRC,5873
DRC,5874
DRC,5875
DRC,5876
DRC,5877
DRC,5878
DRC,5879
DRC,5880
DRC,5881
DRC,5882
DRC,5883
DRC,5884
DRC,5885
DRC,5886
DRC,5887
DRC,5888
DRC,5889
DRC,5890
DRC,5891
DRC,5892
DRC,5893
DRC,5894
DRC,5895
DRC,5896
DRC,5897
DRC,5898
DRC,5899
DRC,5900
DRC,5901
DRC,5902
DRC,5903
DRC,5904
DRC,5905
DRC,5906
DRC,5907
DRC,5908
DRC,5909
DRC,5910
DRC,5911
DRC,5912
DRC,5913
DRC,5914
DRC,5915
DRC,5916
DRC,6215
DRC,6216
DRC,6266
DRC,6517
DRC,6518
DRC,6519
DRC,6520
DRC,6521
DRC,6522
DRC,6523
DRC,6524
DRC,6525
DRC,6526
DRC,6527
DRC,6528
DRC,6529
DRC,6530
DRC,6531
DRC,6532
DRC,6533
DRC,6534
DRC,6535
DRC,6536
DRC,6537
DRC,6539
DRC,6540
DRC,6541
DRC,6542
DRC,6543
DRC,6544
DRC,6545
DRC,6546
DRC,6547
DRC,6548
DRC,6549
DRC,6550
DRC,6551
DRC,6552
DRC,6553
DRC,6554
DRC,6555
DRC,6556
DRC,6557
DRC,6558
DRC,6559
DRC,6560
DRC,6561
DRC,6562
DRC,6563
DRC,6564
DRC,6565
DRC,6566
DRC,6567
DRC,6623
DRC,7165
DRC,7166
DRC,7167
DRC,7168
DRC,7169
DRC,7170
DRC,7171
DRC,7172
DRC,7173
DRC,7174
DRC,7175
DRC,7176
DRC,7177
DRC,7178
DRC,7179
DRC,7180
DRC,7181
DRC,7182
DRC,7183
DRC,7184
DRC,7185
DRC,7186
DRC,7187
DRC,7188
DRC,7189
DRC,7190
DRC,7191
DRC,7192
DRC,7193
DRC,7194
DRC,7195
DRC,7196
DRC,7197
DRC,7198
DRC,7199
DRC,7200
DRC,7201
DRC,7202
DRC,7203
DRC,7204
DRC,7205
DRC,7206
DRC,7207
DRC,7208
DRC,7209
DRC,7210
DRC,7211
DRC,7212
DRC,7213
DRC,7214
DRC,7215
DRC,7216
DRC,7217
DRC,7218
DRC,7219
DRC,7220
DRC,7221
DRC,7222
DRC,7223
DRC,7224
DRC,7225
DRC,7226
DRC,7227
DRC,7228
DRC,7229
DRC,7230
DRC,7231
DRC,7232
DRC,7233
DRC,7234
DRC,7235
DRC,7236
DRC,7237
DRC,7238
DRC,7239
DRC,7240
DRC,7241
DRC,7242
DRC,7243
DRC,7244
DRC,7245
DRC,7246
DRC,7247
DRC,7248
DRC,7249
DRC,7250
DRC,7251
DRC,7252
DRC,7253
DRC,7254
DRC,7255
DRC,7256
DRC,7257
DRC,7258
DRC,7259
DRC,7260
DRC,7261
DRC,7262
DRC,7263
DRC,7264
DRC,7265
DRC,7266
DRC,7267
DRC,7268
DRC,7269
DRC,7270
DRC,7271
DRC,7272
DRC,7273
DRC,7274
DRC,7275
DRC,7276
DRC,7277
DRC,7278
DRC,7279
DRC,7280
DRC,7281
DRC,7282
DRC,7283
DRC,7284
DRC,7285
DRC,7286
DRC,7287
DRC,7288
DRC,7289
DRC,7290
DRC,7291
DRC,7292
DRC,7293
DRC,7294
DRC,7295
DRC,7296
DRC,7297
DRC,7298
DRC,7299
DRC,7300
DRC,7301
DRC,7302
DRC,7303
DRC,7304
DRC,7305
DRC,7306
DRC,7307
DRC,7308
DRC,7309
DRC,7310
DRC,7311
DRC,7312
DRC,7313
DRC,7314
DRC,7315
DRC,7316
DRC,7317
DRC,7318
DRC,7319
DRC,7320
DRC,7321
DRC,7322
DRC,7323
DRC,7324
DRC,7325
DRC,7326
DRC,7327
DRC,7328
DRC,7329
DRC,7330
DRC,7331
DRC,7332
DRC,7333
DRC,7334
DRC,7335
DRC,7336
DRC,7337
DRC,7338
DRC,7339
DRC,7340
DRC,7341
DRC,7342
DRC,7343
DRC,7344
DRC,7345
DRC,7346
DRC,7347
DRC,8064
DRC,8065
DRC,8066
DRC,8067
DRC,8068
DRC,8069
DRC,8070
DRC,8071
DRC,8072
DRC,8073
DRC,8074
DRC,8075
DRC,8076
DRC,8077
DRC,8078
DRC,8079
DRC,8080
DRC,8081
DRC,8082
DRC,8083
DRC,8084
DRC,8085
DRC,8086
DRC,8087
DRC,8088
DRC,8089
DRC,8090
DRC,8091
DRC,8092
DRC,8093
DRC,8094
DRC,8095
DRC,8096
DRC,8097
DRC,8098
DRC,8099
DRC,8100
DRC,8101
DRC,8102
DRC,8103
DRC,8104
DRC,8105
DRC,8106
DRC,8107
DRC,8108
DRC,8109
DRC,8110
DRC,8111
DRC,8112
DRC,8113
DRC,8114
DRC,8115
DRC,8116
DRC,8117
DRC,8118
DRC,8119
DRC,8120
DRC,8121
DRC,8122
DRC,8123
DRC,8124
DRC,8125
DRC,8126
DRC,8127
DRC,8128
DRC,8129
DRC,8130
DRC,8131
DRC,8132
DRC,8133
DRC,8134
DRC,8135
DRC,8136
DRC,8137
DRC,8138
DRC,8139
DRC,8140
DRC,8141
DRC,8142
DRC,8143
DRC,8144
DRC,8145
DRC,8146
DRC,8147
DRC,8148
DRC,8149
DRC,8150
DRC,8151
DRC,8152
DRC,8153
DRC,8154
DRC,8155
DRC,8156
DRC,8157
DRC,8158
DRC,8159
DRC,8160
DRC,8161
DRC,8162
DRC,8163
DRC,8164
DRC,8165
DRC,8166
DRC,8167
DRC,8168
DRC,8169
DRC,8170
DRC,8171
DRC,8172
DRC,8173
DRC,8174
DRC,8175
DRC,8176
DRC,8177
DRC,8178
DRC,8179
DRC,8180
DRC,8181
DRC,8182
DRC,8183
DRC,8184
DRC,8185
DRC,8186
DRC,8187
DRC,8188
DRC,8189
DRC,8190
DRC,8191
DRC,8192
DRC,8193
DRC,8194
DRC,8195
DRC,8196
DRC,8197
DRC,8198
DRC,8199
DRC,8200
DRC,8201
DRC,8202
DRC,8203
DRC,8204
DRC,8205
DRC,8206
DRC,8207
DRC,8208
DRC,8209
DRC,8210
DRC,8211
DRC,8212
DRC,8213
DRC,8214
DRC,8215
DRC,8216
DRC,8217
DRC,8218
DRC,8219
DRC,8220
DRC,8221
DRC,8222
DRC,8223
DRC,8224
DRC,8225
DRC,8226
DRC,8227
DRC,8228
DRC,8229
DRC,8993
DRC,8994
DRC,8995
DRC,8996
DRC,8997
DRC,8998
DRC,8999
DRC,9000
DRC,9001
DRC,9002
DRC,9003
DRC,9004
DRC,9005
DRC,9006
DRC,9007
DRC,9008
DRC,9009
DRC,9010
DRC,9011
DRC,9012
DRC,9013
DRC,9014
DRC,9015
DRC,9016
DRC,9017
DRC,9018
DRC,9019
DRC,9020
DRC,9021
DRC,9022
DRC,9023
DRC,9024
DRC,9025
DRC,9026
DRC,9027
DRC,9028
DRC,9029
DRC,9030
DRC,9031
DRC,9032
DRC,9033
DRC,9034
DRC,9035
DRC,9036
DRC,9037
